120001,蔡家雅,女
120002,張怡宇,女
120003,王庭棋,女
120004,黃和夫,男
120005,林于文,女
120006,唐馨馨,女
120007,張韻庭,女
120008,應立煌,男
120009,賀家政,男
120010,游惠嘉,女
120011,林佑倫,男
120012,孫宥葳,女
120013,黃岑秀,女
120014,楊雅柔,女
120015,李致君,女
120016,陳怡婷,女
120017,林雅文,女
120018,謝羿婷,女
120019,郭玟寧,女
120020,方翊郁,女
120021,洪亭瑩,女
120022,莊盈琳,女
120023,陳子傑,男
120024,徐冠運,男
120025,邱典鳴,男
120026,何冠斌,男
120027,劉潔容,女
120028,王尉瑩,女
120029,徐盈菁,女
120030,何慈貞,女
120031,黃宜勻,女
120032,陳霈蓁,女
120033,賴孟穎,女
120034,沈家佑,女
120035,朱羚儒,女
120036,蕭宛倫,女
120037,余艾芳,女
120038,呂德雯,女
120039,林雅霖,女
120040,程俐婷,女
120041,陳俐平,女
120042,林一妤,女
120043,徐芷妤,女
120044,郭妤文,女
120045,陳敏庭,女
120046,羅毓芹,女
120047,陳煜文,男
120048,黃宜馨,女
120049,蔡彥娟,女
120050,丁淑儒,女
120051,黃鈺華,男
120052,廖嘉倫,男
120053,張欣葳,女
120054,周佳好,女
120055,張美鈴,女
120056,何柏銘,男
120057,陳宜瑩,女
120058,張欣盈,女
120059,林佳雯,女
120060,葉景文,女
120061,李萱戎,女
120062,蔡冠彤,女
120063,賴映唐,女
120064,賴欣琪,女
120065,吳安葦,女
120066,張琇穎,女
120067,王抒蕾,女
120068,徐雅君,女
120069,王佩萍,女
120070,廖秋萱,女
120071,湯育穎,女
120072,黃書皓,男
120073,林竺婕,女
120074,林宇吟,女
120075,范閔鴻,男
120076,黃亮萱,女
120077,施品峮,女
120078,劉文儀,女
120079,謝儀倢,女
120080,許業瑋,男
120081,許書謀,男
120082,陳聿芳,女
120083,張鳳凱,男
120084,鄭嘉萱,女
120085,李奕晶,女
120086,宋明嫣,女
120087,李威鴻,男
120088,許書樺,女
120089,許品君,女
120090,陳茹月,女
120091,阮育鋒,男
120092,陳亭樺,女
120093,王薪雯,女
120094,曾姵伶,女
120095,陳采婕,女
120096,謝薇穎,女
120097,王姿庭,女
120098,陳宛安,女
120099,蔡詔瑄,女
120100,蕭禮可,女
120101,劉馨文,女
120102,黃乃柔,女
120103,柯家翎,女
120104,陳鈺如,女
120105,許慧妤,女
120106,馬庭博,男
120107,陳孟晴,女
120108,施筱雅,女
120109,黃星雯,女
120110,林星邦,男
120111,陳郁瑋,女
120112,王緯廷,男
120113,曾瑋俐,女
120114,張文綺,女
120115,鄭紋盈,女
120116,沈筑雯,女
120117,高筱潔,女
120118,蕭文云,女
120119,許彥明,男
120120,戴乃吟,女
120121,章雅儀,女
120122,王虹絜,女
120123,吳郁陵,女
120124,張思婷,女
120125,陳姿穎,女
120126,管穎君,女
120127,周姿風,女
120128,陳荷涵,女
120129,趙舒珍,女
120130,劉向維,男
120131,莊元薪,女
120132,鄭雅柔,女
120133,徐昱昊,男
120134,鄭詩嫻,女
120135,王碩臻,女
120136,高逸華,女
120137,阮俊豪,男
120138,洪品豪,男
120139,陳若潔,女
120140,黃子翔,男
120141,王義豪,男
120142,唐孟清,女
120143,吳筱柔,女
120144,蘇采瑄,女
120145,許于均,女
120146,林哲駿,男
120147,王玉蓁,女
120148,邱佳菁,女
120149,林芷芸,女
120150,林佩萱,女
120151,劉緯駿,男
120152,蔡懿卉,女
120153,郭彩玟,女
120154,廖佳正,男
120155,王聖均,女
120156,孫柔騏,女
120157,陳家瑾,女
120158,呂宜婷,女
120159,林君緯,男
120160,莊琦穎,女
120161,曾佳亭,女
120162,鍾俊威,男
120163,何靖卉,女
120164,洪馨臻,女
120165,王易邗,女
120166,蔡思睿,女
120167,江克倫,男
120168,賴瑋震,男
120169,張鎬元,男
120170,徐胤潔,女
120171,葉克舜,男
120172,蘇芳楨,女
120173,江宜紋,女
120174,王沛慧,女
120175,楊程翰,男
120176,蔡嘉綺,女
120177,簡冠璇,女
120178,蘇立璇,女
120179,陳佩萩,女
120180,謝孟蓉,女
120181,李欣昀,女
120182,江佩蓁,女
120183,劉俐韶,女
120184,陳人玲,女
120185,陳睿潔,女
120186,許柏瑋,男
120187,曾矩翰,男
120188,林秉雄,男
120189,張欣文,女
120190,吳雯雯,女
120191,游勵毅,男
120192,謝宜樺,女
120193,呂書宇,男
120194,韓品玉,女
120195,林家芬,女
120196,林漢翰,男
120197,高孟居,男
120198,陳玉婷,女
120199,陳雅欣,女
120200,蔡趙宇,男
120201,游堯臻,女
120202,李淑涵,女
120203,陳詩文,女
120204,趙冠凱,男
120205,林乃琳,女
120206,黃佳琳,女
120207,盧皓傑,男
120208,謝瑋嘉,女
120209,許庭雯,女
120210,張裕辰,女
120211,黃怡筠,女
120212,郭皓妮,女
120213,李安樺,女
120214,林淞麟,男
120215,許曉潔,女
120216,陳巧霓,女
120217,劉志葦,男
120218,張妍慈,女
120219,胡孟瑋,男
120220,何心琇,女
120221,林少達,男
120222,熊昕軒,男
120223,廖筠廷,女
120224,顏伊綸,女
120225,蕭珮瑜,女
120226,吳庭華,女
120227,張明穎,女
120228,康貞芹,女
120229,吳宛儀,女
120230,蔡世凱,男
120231,施霽節,女
120232,葉伶寧,女
120233,蔡芳瑄,女
120234,左亞依,女
120235,郭喬薇,女
120236,楊子鈞,女
120237,張依孜,女
120238,陳孜蓮,女
120239,林香鍶,女
120240,林昀如,女
120241,陳韻萍,女
120242,高竣祥,男
120243,張慶仲,男
120244,陳雅蔓,女
120245,宋蔓如,女
120246,林盈荃,女
120247,賴香潔,女
120248,尤彥哲,男
120249,蘇明廷,男
120250,吳韋文,男
120251,王品伶,女
120252,陳正瑋,男
120253,賴晏妃,女
120254,劉俊鎬,男
120255,劉芳心,女
120256,吳矞柔,女
120257,莊曉儀,女
120258,陳官祺,女
120259,陳鎬聖,男
120260,陳凱琳,女
120261,洪褘柔,女
120262,潘郁軒,女
120263,封巧萍,女
120264,陳渝穎,女
120265,梁之任,男
120266,邱曜銘,男
120267,李佩婷,女
120268,余靜儒,女
120269,詹裕霆,男
120270,戴佩銘,女
120271,呂祐葶,女
120272,張禎潔,女
120273,顏鈺瑄,女
120274,林郁馨,女
120275,黃晉舜,男
120276,蕭培如,女
120277,沈玉靜,女
120278,吳月芳,女
120279,郭旻恩,女
120280,宋巧庭,女
120281,陳久文,女
120282,黃俐懿,女
120283,王苹璇,女
120284,朱宜樺,男
120285,王昱倫,女
120286,陳欣霞,女
120287,蘇炳誠,男
120288,吳靈凌,女
120289,林晨容,女
120290,徐婉雅,女
120291,賴姵儀,女
120292,邵亭庭,女
120293,李婉禎,女
120294,洪育妮,女
120295,詹彥羽,女
120296,劉燕庭,女
120297,鐘慧璇,女
120298,吳孟敏,女
120299,陳哲林,男